<xdc.runtime.Types.RtaDecoderData>
  <targetName>ti.targets.elf.C66</targetName>
  <binaryParser>ti.targets.omf.elf.Elf32</binaryParser>
  <endian>little</endian>
  <bitsPerChar>8</bitsPerChar>
  <argSize>4</argSize>
  <eventSize>48</eventSize>
  <dataTransportClassName>undefined</dataTransportClassName>
  <controlTransportClassName>undefined</controlTransportClassName>
  <loggers-length>5</loggers-length>
  <loggers>
    <name>xdc.runtime.LoggerBuf.Instance#0</name>
    <type>xdc.runtime.LoggerBuf</type>
    <metaArgs>
      <bufferSymbol>xdc_runtime_LoggerBuf_Instance_State_0_entryArr__A</bufferSymbol>
      <bufferSize>1024</bufferSize>
    </metaArgs>
  </loggers>
  <loggers>
    <name>Load Logger</name>
    <type>ti.uia.runtime.LoggerProbePoint</type>
    <metaArgs>
      <instanceId>1</instanceId>
      <priority>1</priority>
    </metaArgs>
  </loggers>
  <loggers>
    <name>Main Logger</name>
    <type>ti.uia.runtime.LoggerProbePoint</type>
    <metaArgs>
      <instanceId>2</instanceId>
      <priority>1</priority>
    </metaArgs>
  </loggers>
  <loggers>
    <name>SYSBIOS System Logger</name>
    <type>ti.uia.runtime.LoggerProbePoint</type>
    <metaArgs>
      <instanceId>3</instanceId>
      <priority>1</priority>
    </metaArgs>
  </loggers>
  <loggers>
    <name>SyncLog</name>
    <type>ti.uia.runtime.LoggerStopMode</type>
    <metaArgs>
      <instanceId>4</instanceId>
      <priority>3</priority>
    </metaArgs>
  </loggers>
  <modMap-length>54</modMap-length>
  <modMap key="xdc.runtime.Assert">
    <id>32770</id>
    <logger>null</logger>
    <diagsMask>0000100000000000</diagsMask>
  </modMap>
  <modMap key="xdc.runtime.Core">
    <id>32771</id>
    <logger>null</logger>
    <diagsMask>0000100000000000</diagsMask>
  </modMap>
  <modMap key="xdc.runtime.Defaults">
    <id>32772</id>
    <logger>xdc.runtime.LoggerBuf.Instance#0</logger>
    <diagsMask>0000110000000000</diagsMask>
  </modMap>
  <modMap key="xdc.runtime.Diags">
    <id>32773</id>
    <logger>null</logger>
    <diagsMask>0000100000000000</diagsMask>
  </modMap>
  <modMap key="xdc.runtime.Error">
    <id>32774</id>
    <logger>xdc.runtime.LoggerBuf.Instance#0</logger>
    <diagsMask>0000110000000000</diagsMask>
  </modMap>
  <modMap key="xdc.runtime.Gate">
    <id>32775</id>
    <logger>null</logger>
    <diagsMask>0000100000000000</diagsMask>
  </modMap>
  <modMap key="xdc.runtime.Log">
    <id>32776</id>
    <logger>null</logger>
    <diagsMask>0000100000000000</diagsMask>
  </modMap>
  <modMap key="xdc.runtime.LoggerBuf">
    <id>32777</id>
    <logger>null</logger>
    <diagsMask>0000100000000000</diagsMask>
  </modMap>
  <modMap key="xdc.runtime.Main">
    <id>32778</id>
    <logger>Main Logger</logger>
    <diagsMask>0000130033333313</diagsMask>
  </modMap>
  <modMap key="xdc.runtime.Memory">
    <id>32779</id>
    <logger>null</logger>
    <diagsMask>0000100000000000</diagsMask>
  </modMap>
  <modMap key="xdc.runtime.Registry">
    <id>32780</id>
    <logger>Main Logger</logger>
    <diagsMask>0000110000000000</diagsMask>
  </modMap>
  <modMap key="xdc.runtime.Startup">
    <id>32781</id>
    <logger>null</logger>
    <diagsMask>0000100000000000</diagsMask>
  </modMap>
  <modMap key="xdc.runtime.System">
    <id>32782</id>
    <logger>null</logger>
    <diagsMask>0000100000000000</diagsMask>
  </modMap>
  <modMap key="xdc.runtime.SysMin">
    <id>32783</id>
    <logger>null</logger>
    <diagsMask>0000100000000000</diagsMask>
  </modMap>
  <modMap key="xdc.runtime.SysStd">
    <id>32784</id>
    <logger>null</logger>
    <diagsMask>0000100000000000</diagsMask>
  </modMap>
  <modMap key="xdc.runtime.Text">
    <id>32785</id>
    <logger>null</logger>
    <diagsMask>0000100000000000</diagsMask>
  </modMap>
  <modMap key="xdc.runtime.Timestamp">
    <id>32786</id>
    <logger>null</logger>
    <diagsMask>0000100000000000</diagsMask>
  </modMap>
  <modMap key="xdc.runtime.Types">
    <id>32787</id>
    <logger>null</logger>
    <diagsMask>0000100000000000</diagsMask>
  </modMap>
  <modMap key="ti.uia.events.DvtTypes">
    <id>32790</id>
    <logger>xdc.runtime.LoggerBuf.Instance#0</logger>
    <diagsMask>0000110000000000</diagsMask>
  </modMap>
  <modMap key="ti.uia.events.UIABenchmark">
    <id>32791</id>
    <logger>xdc.runtime.LoggerBuf.Instance#0</logger>
    <diagsMask>0000110000000000</diagsMask>
  </modMap>
  <modMap key="ti.uia.events.UIAErr">
    <id>32792</id>
    <logger>xdc.runtime.LoggerBuf.Instance#0</logger>
    <diagsMask>0000110000000000</diagsMask>
  </modMap>
  <modMap key="ti.uia.events.UIAEvt">
    <id>32793</id>
    <logger>xdc.runtime.LoggerBuf.Instance#0</logger>
    <diagsMask>0000110000000000</diagsMask>
  </modMap>
  <modMap key="ti.uia.events.UIARoundtrip">
    <id>32794</id>
    <logger>xdc.runtime.LoggerBuf.Instance#0</logger>
    <diagsMask>0000110000000000</diagsMask>
  </modMap>
  <modMap key="ti.uia.events.UIAStatistic">
    <id>32795</id>
    <logger>xdc.runtime.LoggerBuf.Instance#0</logger>
    <diagsMask>0000110000000000</diagsMask>
  </modMap>
  <modMap key="ti.uia.events.UIASync">
    <id>32796</id>
    <logger>xdc.runtime.LoggerBuf.Instance#0</logger>
    <diagsMask>0000110000000000</diagsMask>
  </modMap>
  <modMap key="ti.uia.runtime.LogSync">
    <id>32798</id>
    <logger>SyncLog</logger>
    <diagsMask>0000110000000000</diagsMask>
  </modMap>
  <modMap key="ti.uia.runtime.LoggerProbePoint">
    <id>32799</id>
    <logger>null</logger>
    <diagsMask>0000110000000000</diagsMask>
  </modMap>
  <modMap key="ti.uia.runtime.LoggerStopMode">
    <id>32800</id>
    <logger>null</logger>
    <diagsMask>0000110000000000</diagsMask>
  </modMap>
  <modMap key="ti.uia.runtime.QueueDescriptor">
    <id>32801</id>
    <logger>xdc.runtime.LoggerBuf.Instance#0</logger>
    <diagsMask>0000110000000000</diagsMask>
  </modMap>
  <modMap key="ti.uia.runtime.UIAMetaData">
    <id>32802</id>
    <logger>xdc.runtime.LoggerBuf.Instance#0</logger>
    <diagsMask>0000110000000000</diagsMask>
  </modMap>
  <modMap key="ti.sysbios.family.c64p.Exception">
    <id>32806</id>
    <logger>xdc.runtime.LoggerBuf.Instance#0</logger>
    <diagsMask>0000110010000000</diagsMask>
  </modMap>
  <modMap key="ti.sysbios.family.c64p.Hwi">
    <id>32807</id>
    <logger>xdc.runtime.LoggerBuf.Instance#0</logger>
    <diagsMask>0000110000000000</diagsMask>
  </modMap>
  <modMap key="ti.sysbios.family.c64p.TimestampProvider">
    <id>32808</id>
    <logger>xdc.runtime.LoggerBuf.Instance#0</logger>
    <diagsMask>0000100000000000</diagsMask>
  </modMap>
  <modMap key="ti.sysbios.hal.Hwi">
    <id>32810</id>
    <logger>xdc.runtime.LoggerBuf.Instance#0</logger>
    <diagsMask>0000110000000000</diagsMask>
  </modMap>
  <modMap key="ti.sysbios.hal.Timer">
    <id>32811</id>
    <logger>xdc.runtime.LoggerBuf.Instance#0</logger>
    <diagsMask>0000110000000000</diagsMask>
  </modMap>
  <modMap key="ti.sysbios.knl.Clock">
    <id>32813</id>
    <logger>xdc.runtime.LoggerBuf.Instance#0</logger>
    <diagsMask>0000110000000000</diagsMask>
  </modMap>
  <modMap key="ti.sysbios.knl.Idle">
    <id>32814</id>
    <logger>xdc.runtime.LoggerBuf.Instance#0</logger>
    <diagsMask>0000110000000000</diagsMask>
  </modMap>
  <modMap key="ti.sysbios.knl.Intrinsics">
    <id>32815</id>
    <logger>xdc.runtime.LoggerBuf.Instance#0</logger>
    <diagsMask>0000110000000000</diagsMask>
  </modMap>
  <modMap key="ti.sysbios.knl.Event">
    <id>32816</id>
    <logger>SYSBIOS System Logger</logger>
    <diagsMask>0000110033000000</diagsMask>
  </modMap>
  <modMap key="ti.sysbios.knl.Queue">
    <id>32817</id>
    <logger>xdc.runtime.LoggerBuf.Instance#0</logger>
    <diagsMask>0000110000000000</diagsMask>
  </modMap>
  <modMap key="ti.sysbios.knl.Semaphore">
    <id>32818</id>
    <logger>SYSBIOS System Logger</logger>
    <diagsMask>0000110033000000</diagsMask>
  </modMap>
  <modMap key="ti.sysbios.knl.Swi">
    <id>32819</id>
    <logger>SYSBIOS System Logger</logger>
    <diagsMask>0000110033000000</diagsMask>
  </modMap>
  <modMap key="ti.sysbios.knl.Task">
    <id>32820</id>
    <logger>SYSBIOS System Logger</logger>
    <diagsMask>0000110033000000</diagsMask>
  </modMap>
  <modMap key="ti.sysbios.BIOS">
    <id>32821</id>
    <logger>xdc.runtime.LoggerBuf.Instance#0</logger>
    <diagsMask>0000110000000000</diagsMask>
  </modMap>
  <modMap key="ti.sysbios.gates.GateHwi">
    <id>32823</id>
    <logger>xdc.runtime.LoggerBuf.Instance#0</logger>
    <diagsMask>0000110000000000</diagsMask>
  </modMap>
  <modMap key="ti.sysbios.gates.GateMutex">
    <id>32824</id>
    <logger>xdc.runtime.LoggerBuf.Instance#0</logger>
    <diagsMask>0000110000000000</diagsMask>
  </modMap>
  <modMap key="ti.sysbios.family.c66.Cache">
    <id>32826</id>
    <logger>xdc.runtime.LoggerBuf.Instance#0</logger>
    <diagsMask>0000110000000000</diagsMask>
  </modMap>
  <modMap key="ti.sysbios.family.c62.TaskSupport">
    <id>32828</id>
    <logger>xdc.runtime.LoggerBuf.Instance#0</logger>
    <diagsMask>0000110000000000</diagsMask>
  </modMap>
  <modMap key="ti.sysbios.family.c62.IntrinsicsSupport">
    <id>32829</id>
    <logger>xdc.runtime.LoggerBuf.Instance#0</logger>
    <diagsMask>0000110000000000</diagsMask>
  </modMap>
  <modMap key="ti.sysbios.timers.timer64.Timer">
    <id>32832</id>
    <logger>xdc.runtime.LoggerBuf.Instance#0</logger>
    <diagsMask>0000110000000000</diagsMask>
  </modMap>
  <modMap key="ti.sysbios.family.c64p.tci6488.TimerSupport">
    <id>32834</id>
    <logger>xdc.runtime.LoggerBuf.Instance#0</logger>
    <diagsMask>0000110000000000</diagsMask>
  </modMap>
  <modMap key="ti.sysbios.heaps.HeapMem">
    <id>32836</id>
    <logger>xdc.runtime.LoggerBuf.Instance#0</logger>
    <diagsMask>0000110000000000</diagsMask>
  </modMap>
  <modMap key="ti.uia.family.c66.TimestampC66XGlobal">
    <id>32839</id>
    <logger>xdc.runtime.LoggerBuf.Instance#0</logger>
    <diagsMask>0000100000000000</diagsMask>
  </modMap>
  <modMap key="ti.sysbios.utils.Load">
    <id>32841</id>
    <logger>Load Logger</logger>
    <diagsMask>0000110000030000</diagsMask>
  </modMap>
  <evtMap-length>95</evtMap-length>
  <evtMap key="xdc.runtime.Log.L_construct">
    <id>4396</id>
    <msg>%3C--+construct%3A+%25p%28%27%25s%27%29</msg>
  </evtMap>
  <evtMap key="xdc.runtime.Log.L_create">
    <id>4420</id>
    <msg>%3C--+create%3A+%25p%28%27%25s%27%29</msg>
  </evtMap>
  <evtMap key="xdc.runtime.Log.L_destruct">
    <id>4441</id>
    <msg>--%3E+destruct%3A+%28%25p%29</msg>
  </evtMap>
  <evtMap key="xdc.runtime.Log.L_delete">
    <id>4460</id>
    <msg>--%3E+delete%3A+%28%25p%29</msg>
  </evtMap>
  <evtMap key="xdc.runtime.Log.L_error">
    <id>4477</id>
    <msg>ERROR%3A+%25%24F%25%24S</msg>
  </evtMap>
  <evtMap key="xdc.runtime.Log.L_warning">
    <id>4491</id>
    <msg>WARNING%3A+%25%24F%25%24S</msg>
  </evtMap>
  <evtMap key="xdc.runtime.Log.L_info">
    <id>4507</id>
    <msg>%25%24F%25%24S</msg>
  </evtMap>
  <evtMap key="xdc.runtime.Log.L_start">
    <id>4514</id>
    <msg>Start%3A+%25%24S</msg>
  </evtMap>
  <evtMap key="xdc.runtime.Log.L_stop">
    <id>4525</id>
    <msg>Stop%3A+%25%24S</msg>
  </evtMap>
  <evtMap key="xdc.runtime.Log.L_startInstance">
    <id>4535</id>
    <msg>StartInstance%3A+%25%24S</msg>
  </evtMap>
  <evtMap key="xdc.runtime.Log.L_stopInstance">
    <id>4554</id>
    <msg>StopInstance%3A+%25%24S</msg>
  </evtMap>
  <evtMap key="ti.uia.events.UIABenchmark.start">
    <id>4572</id>
    <msg>Start%3A+%25%24S+</msg>
  </evtMap>
  <evtMap key="ti.uia.events.UIABenchmark.stop">
    <id>4584</id>
    <msg>Stop%3A+%25%24S+</msg>
  </evtMap>
  <evtMap key="ti.uia.events.UIABenchmark.startInstance">
    <id>4595</id>
    <msg>StartInstance%3A+%25%24S+</msg>
  </evtMap>
  <evtMap key="ti.uia.events.UIABenchmark.stopInstance">
    <id>4615</id>
    <msg>StopInstance%3A+%25%24S+</msg>
  </evtMap>
  <evtMap key="ti.uia.events.UIABenchmark.startInstanceWithAdrs">
    <id>4634</id>
    <msg>StartInstanceWithAdrs%3A+%25%24S</msg>
  </evtMap>
  <evtMap key="ti.uia.events.UIABenchmark.stopInstanceWithAdrs">
    <id>4661</id>
    <msg>StopInstanceWithAdrs%3A+%25%24S</msg>
  </evtMap>
  <evtMap key="ti.uia.events.UIABenchmark.startInstanceWithStr">
    <id>4687</id>
    <msg>StartInstanceWithStr%3A+%25%24S</msg>
  </evtMap>
  <evtMap key="ti.uia.events.UIABenchmark.stopInstanceWithStr">
    <id>4713</id>
    <msg>StopInstanceWithStr%3A+%25%24S</msg>
  </evtMap>
  <evtMap key="ti.uia.events.UIAErr.error">
    <id>4738</id>
    <msg>ERROR%3A+ErrorCode%3A0x%25x</msg>
  </evtMap>
  <evtMap key="ti.uia.events.UIAErr.errorWithStr">
    <id>4760</id>
    <msg>ERROR%3A+ErrorCode%3A0x%25x.+%25%24S</msg>
  </evtMap>
  <evtMap key="ti.uia.events.UIAErr.hwError">
    <id>4787</id>
    <msg>HW+ERROR%3A+ErrorCode%3A0x%25x</msg>
  </evtMap>
  <evtMap key="ti.uia.events.UIAErr.hwErrorWithStr">
    <id>4812</id>
    <msg>HW+ERROR%3A+ErrorCode%3A0x%25x.+%25%24S</msg>
  </evtMap>
  <evtMap key="ti.uia.events.UIAErr.fatal">
    <id>4842</id>
    <msg>FATAL+ERROR%3A+ErrorCode%3A0x%25x</msg>
  </evtMap>
  <evtMap key="ti.uia.events.UIAErr.fatalWithStr">
    <id>4870</id>
    <msg>FATAL+ERROR%3A+ErrorCode%3A0x%25x.+%25%24S</msg>
  </evtMap>
  <evtMap key="ti.uia.events.UIAErr.critical">
    <id>4903</id>
    <msg>CRITICAL+ERROR%3A+ErrorCode%3A0x%25x</msg>
  </evtMap>
  <evtMap key="ti.uia.events.UIAErr.criticalWithStr">
    <id>4934</id>
    <msg>CRITICAL+ERROR%3A+ErrorCode%3A0x%25x.+%25%24S</msg>
  </evtMap>
  <evtMap key="ti.uia.events.UIAErr.exception">
    <id>4970</id>
    <msg>ERROR%3A+Exception+at+%25%24F.</msg>
  </evtMap>
  <evtMap key="ti.uia.events.UIAErr.uncaughtException">
    <id>4995</id>
    <msg>ERROR%3A+Uncaught+Exception+at+%25%24F.</msg>
  </evtMap>
  <evtMap key="ti.uia.events.UIAErr.nullPointerException">
    <id>5029</id>
    <msg>ERROR%3A+Null+Pointer+Exception+at+%25%24F.</msg>
  </evtMap>
  <evtMap key="ti.uia.events.UIAErr.unexpectedInterrupt">
    <id>5067</id>
    <msg>ERROR%3A+Unexpected+Interrupt+at+%25%24F.</msg>
  </evtMap>
  <evtMap key="ti.uia.events.UIAErr.memoryAccessFault">
    <id>5103</id>
    <msg>ERROR%3A+Memory+Access+Fault+at+%25%24F.+%5BADRS%5D0x%25x</msg>
  </evtMap>
  <evtMap key="ti.uia.events.UIAErr.securityException">
    <id>5149</id>
    <msg>ERROR%3A+Security+Exception+at+%25%24F.</msg>
  </evtMap>
  <evtMap key="ti.uia.events.UIAErr.divisionByZero">
    <id>5183</id>
    <msg>ERROR%3A+Division+by+zero+at+%25%24F.</msg>
  </evtMap>
  <evtMap key="ti.uia.events.UIAErr.overflowException">
    <id>5215</id>
    <msg>ERROR%3A+Overflow+exception+at+%25%24F.</msg>
  </evtMap>
  <evtMap key="ti.uia.events.UIAErr.indexOutOfRange">
    <id>5249</id>
    <msg>ERROR%3A+Index+out+of+range+at+%25%24F.+%5BINDEX%5D0x%25x</msg>
  </evtMap>
  <evtMap key="ti.uia.events.UIAErr.notImplemented">
    <id>5295</id>
    <msg>ERROR%3A+Attempt+to+access+feature+that+is+not+implemented+at+%25%24F.</msg>
  </evtMap>
  <evtMap key="ti.uia.events.UIAErr.stackOverflow">
    <id>5360</id>
    <msg>ERROR%3A+Stack+Overflow+detected+at+%25%24F.</msg>
  </evtMap>
  <evtMap key="ti.uia.events.UIAErr.illegalInstruction">
    <id>5399</id>
    <msg>ERROR%3A+Illegal+Instruction+executed+at+%25%24F.</msg>
  </evtMap>
  <evtMap key="ti.uia.events.UIAErr.entryPointNotFound">
    <id>5443</id>
    <msg>ERROR%3A+Entry+Point+Not+Found+at+%25%24F.</msg>
  </evtMap>
  <evtMap key="ti.uia.events.UIAErr.moduleNotFound">
    <id>5480</id>
    <msg>ERROR%3A+Module+not+found+at+%25%24F.+%5BMODULE_ID%5D0x%25x.</msg>
  </evtMap>
  <evtMap key="ti.uia.events.UIAErr.floatingPointError">
    <id>5529</id>
    <msg>ERROR%3A+Floating+Point+Error+at+%25%24F.</msg>
  </evtMap>
  <evtMap key="ti.uia.events.UIAErr.invalidParameter">
    <id>5565</id>
    <msg>ERROR%3A+Invalid+Parameter+at+%25%24F.+%5BParamNum%5D%25d+%5BParamValue%5D0x%25x</msg>
  </evtMap>
  <evtMap key="ti.uia.events.UIAEvt.warning">
    <id>5628</id>
    <msg>WARNING%3A+EventCode%3A0x%25x</msg>
  </evtMap>
  <evtMap key="ti.uia.events.UIAEvt.warningWithStr">
    <id>5652</id>
    <msg>WARNING%3A+EventCode%3A0x%25x.+%25%24S</msg>
  </evtMap>
  <evtMap key="ti.uia.events.UIAEvt.info">
    <id>5681</id>
    <msg>INFO%3A+EventCode%3A+0x%25x</msg>
  </evtMap>
  <evtMap key="ti.uia.events.UIAEvt.infoWithStr">
    <id>5703</id>
    <msg>INFO%3A+EventCode%3A0x%25x.++%25%24S</msg>
  </evtMap>
  <evtMap key="ti.uia.events.UIAEvt.detail">
    <id>5730</id>
    <msg>DETAIL%3A+EventCode%3A0x%25x</msg>
  </evtMap>
  <evtMap key="ti.uia.events.UIAEvt.detailWithStr">
    <id>5753</id>
    <msg>DETAIL%3A+EventCode%3A0x%25x.++%25%24S</msg>
  </evtMap>
  <evtMap key="ti.uia.events.UIAEvt.intWithKey">
    <id>5782</id>
    <msg>VALUE%3D%25d+%28AuxData%3D%25d%2C+%25d%29+Key%3A%25%24S</msg>
  </evtMap>
  <evtMap key="ti.uia.events.UIARoundtrip.start">
    <id>5816</id>
    <msg>Roundtrip_Start%3A+%25%24S</msg>
  </evtMap>
  <evtMap key="ti.uia.events.UIARoundtrip.stop">
    <id>5837</id>
    <msg>Roundtrip_Stop%3A+%25%24S</msg>
  </evtMap>
  <evtMap key="ti.uia.events.UIARoundtrip.startInstance">
    <id>5857</id>
    <msg>Roundtrip_StartInstance%3A+%25%24S</msg>
  </evtMap>
  <evtMap key="ti.uia.events.UIARoundtrip.stopInstance">
    <id>5886</id>
    <msg>Roundtrip_StopInstance%3A+%25%24S</msg>
  </evtMap>
  <evtMap key="ti.uia.events.UIARoundtrip.startInstanceWithAdrs">
    <id>5914</id>
    <msg>Roundtrip_StartInstanceWithAdrs%3A+%25%24S</msg>
  </evtMap>
  <evtMap key="ti.uia.events.UIARoundtrip.stopInstanceWithAdrs">
    <id>5951</id>
    <msg>Roundtrip_StopInstanceWithAdrs%3A+%25%24S</msg>
  </evtMap>
  <evtMap key="ti.uia.events.UIARoundtrip.startInstanceWithStr">
    <id>5987</id>
    <msg>Roundtrip_StartInstanceWithStr%3A+%25%24S</msg>
  </evtMap>
  <evtMap key="ti.uia.events.UIARoundtrip.stopInstanceWithStr">
    <id>6023</id>
    <msg>Roundtrip_StopInstanceWithStr%3A+%25%24S</msg>
  </evtMap>
  <evtMap key="ti.uia.events.UIAStatistic.cpuLoad">
    <id>6058</id>
    <msg>CPU+Load%3A+NumCycles%3D%25d</msg>
  </evtMap>
  <evtMap key="ti.uia.events.UIAStatistic.cpuLoadByInstance">
    <id>6081</id>
    <msg>CPU+Load+for+%25s+%28instanceId+%3D+0x%25x%29%3A+NumCycles%3D%25d</msg>
  </evtMap>
  <evtMap key="ti.uia.events.UIAStatistic.bytesProcessed">
    <id>6131</id>
    <msg>Bytes+Processed+by+%25s%3A+NumBytes%3D0x%25x</msg>
  </evtMap>
  <evtMap key="ti.uia.events.UIAStatistic.bytesProcessedByInstance">
    <id>6168</id>
    <msg>Bytes+Processed+at+%25%24F+%28InstanceId+0x%25x%29%3A+Num+Bytes%3D%25d</msg>
  </evtMap>
  <evtMap key="ti.uia.events.UIAStatistic.wordsProcessed">
    <id>6223</id>
    <msg>Words+Processed+by+%25s%3A+NumWords%3D0x%25x</msg>
  </evtMap>
  <evtMap key="ti.uia.events.UIAStatistic.wordsProcessedByInstance">
    <id>6260</id>
    <msg>Words+Processed+at+%25%24F+%28InstanceId+0x%25x%29%3A+Num+Words%3D%25d</msg>
  </evtMap>
  <evtMap key="ti.uia.events.UIAStatistic.freeBytes">
    <id>6315</id>
    <msg>Heap+at+%25%24F+%28HeapId+0x%25x%29%3A+Free+Bytes%3D%25d</msg>
  </evtMap>
  <evtMap key="ti.uia.events.UIASync.syncPoint">
    <id>6356</id>
    <msg>Sync+Point%3A++SerialNumber%3D0x%25x%2C+CpuTStamp+%5BLSW%3D0x%25x%2C+MSW%3D0x%25x%5D%2C+GlobalTStamp+%5BLSW%3D0x%25x%2C+MSW%3D0x%25x%5D%2C+CpuCyclesPerCpuTimerTick%3D%25d%2C+CpuFreq+%5BLSW%3D0x%25x%2C+MSW%3D0x%25x%5D</msg>
  </evtMap>
  <evtMap key="ti.uia.events.UIASync.syncPointAfterHalt">
    <id>6513</id>
    <msg>Sync+Point+After+Halt%3A++SerialNumber%3D0x%25x%2C+CpuTStamp+%5BLSW%3D0x%25x%2C+MSW%3D0x%25x%5D%2C+GlobalTStamp+%5BLSW%3D0x%25x%2C+MSW%3D0x%25x%5D%2C+CpuCyclesPerCpuTimerTick%3D%25d%2C+CpuFreq+%5BLSW%3D0x%25x%2C+MSW%3D0x%25x%5D</msg>
  </evtMap>
  <evtMap key="ti.uia.events.UIASync.globalTimerFreq">
    <id>6681</id>
    <msg>Sync+Point+Global+Timer+Freq%3A++SerialNumber%3D0x%25x%2C+CpuCyclesPerGlobalTimerTick%3D%25d%2C+GlobalTimerFreq+%5BLSW%3D0x%25x%2C+MSW%3D0x%25x%5D</msg>
  </evtMap>
  <evtMap key="ti.uia.events.UIASync.syncPointUserProvidedData">
    <id>6800</id>
    <msg>Sync+Point+User+Data%3A+SerialNumber%3D0x%25x%2C+%25%24S</msg>
  </evtMap>
  <evtMap key="ti.sysbios.family.c64p.Hwi.LM_begin">
    <id>6845</id>
    <msg>LM_begin%3A+hwi%3A+0x%25x%2C+func%3A+0x%25x%2C+preThread%3A+%25d%2C+intNum%3A+%25d%2C+irp%3A+0x%25x</msg>
  </evtMap>
  <evtMap key="ti.sysbios.family.c64p.Hwi.LD_end">
    <id>6915</id>
    <msg>LD_end%3A+hwi%3A+0x%25x</msg>
  </evtMap>
  <evtMap key="ti.sysbios.knl.Clock.LW_delayed">
    <id>6933</id>
    <msg>LW_delayed%3A+delay%3A+%25d</msg>
  </evtMap>
  <evtMap key="ti.sysbios.knl.Clock.LM_tick">
    <id>6955</id>
    <msg>LM_tick%3A+tick%3A+%25d</msg>
  </evtMap>
  <evtMap key="ti.sysbios.knl.Clock.LM_begin">
    <id>6973</id>
    <msg>LM_begin%3A+clk%3A+0x%25x%2C+func%3A+0x%25x</msg>
  </evtMap>
  <evtMap key="ti.sysbios.knl.Event.LM_post">
    <id>7005</id>
    <msg>LM_post%3A+event%3A+0x%25x%2C+currEvents%3A+0x%25x%2C+eventId%3A+0x%25x</msg>
  </evtMap>
  <evtMap key="ti.sysbios.knl.Event.LM_pend">
    <id>7059</id>
    <msg>LM_pend%3A+event%3A+0x%25x%2C+currEvents%3A+0x%25x%2C+andMask%3A+0x%25x%2C+orMask%3A+0x%25x%2C+timeout%3A+%25d</msg>
  </evtMap>
  <evtMap key="ti.sysbios.knl.Semaphore.LM_post">
    <id>7140</id>
    <msg>LM_post%3A+sem%3A+0x%25x%2C+count%3A+%25d</msg>
  </evtMap>
  <evtMap key="ti.sysbios.knl.Semaphore.LM_pend">
    <id>7170</id>
    <msg>LM_pend%3A+sem%3A+0x%25x%2C+count%3A+%25d%2C+timeout%3A+%25d</msg>
  </evtMap>
  <evtMap key="ti.sysbios.knl.Swi.LM_begin">
    <id>7213</id>
    <msg>LM_begin%3A+swi%3A+0x%25x%2C+func%3A+0x%25x%2C+preThread%3A+%25d</msg>
  </evtMap>
  <evtMap key="ti.sysbios.knl.Swi.LD_end">
    <id>7260</id>
    <msg>LD_end%3A+swi%3A+0x%25x</msg>
  </evtMap>
  <evtMap key="ti.sysbios.knl.Swi.LM_post">
    <id>7278</id>
    <msg>LM_post%3A+swi%3A+0x%25x%2C+func%3A+0x%25x%2C+pri%3A+%25d</msg>
  </evtMap>
  <evtMap key="ti.sysbios.knl.Task.LM_switch">
    <id>7318</id>
    <msg>LM_switch%3A+oldtsk%3A+0x%25x%2C+oldfunc%3A+0x%25x%2C+newtsk%3A+0x%25x%2C+newfunc%3A+0x%25x</msg>
  </evtMap>
  <evtMap key="ti.sysbios.knl.Task.LM_sleep">
    <id>7386</id>
    <msg>LM_sleep%3A+tsk%3A+0x%25x%2C+func%3A+0x%25x%2C+timeout%3A+%25d</msg>
  </evtMap>
  <evtMap key="ti.sysbios.knl.Task.LD_ready">
    <id>7431</id>
    <msg>LD_ready%3A+tsk%3A+0x%25x%2C+func%3A+0x%25x%2C+pri%3A+%25d</msg>
  </evtMap>
  <evtMap key="ti.sysbios.knl.Task.LD_block">
    <id>7472</id>
    <msg>LD_block%3A+tsk%3A+0x%25x%2C+func%3A+0x%25x</msg>
  </evtMap>
  <evtMap key="ti.sysbios.knl.Task.LM_yield">
    <id>7504</id>
    <msg>LM_yield%3A+tsk%3A+0x%25x%2C+func%3A+0x%25x%2C+currThread%3A+%25d</msg>
  </evtMap>
  <evtMap key="ti.sysbios.knl.Task.LM_setPri">
    <id>7552</id>
    <msg>LM_setPri%3A+tsk%3A+0x%25x%2C+func%3A+0x%25x%2C+oldPri%3A+%25d%2C+newPri+%25d</msg>
  </evtMap>
  <evtMap key="ti.sysbios.knl.Task.LD_exit">
    <id>7608</id>
    <msg>LD_exit%3A+tsk%3A+0x%25x%2C+func%3A+0x%25x</msg>
  </evtMap>
  <evtMap key="ti.sysbios.knl.Task.LM_setAffinity">
    <id>7639</id>
    <msg>LM_setAffinity%3A+tsk%3A+0x%25x%2C+func%3A+0x%25x%2C+oldCore%3A+%25d%2C+oldAffinity+%25d%2C+newAffinity+%25d</msg>
  </evtMap>
  <evtMap key="ti.sysbios.knl.Task.LM_schedule">
    <id>7722</id>
    <msg>LD_schedule%3A+coreId%3A+%25d%2C+workFlag%3A+%25d%2C+curSetLocal%3A+%25d%2C+curSetX%3A+%25d%2C+curMaskLocal%3A+%25d</msg>
  </evtMap>
  <evtMap key="ti.sysbios.knl.Task.LM_noWork">
    <id>7808</id>
    <msg>LD_noWork%3A+coreId%3A+%25d%2C+curSetLocal%3A+%25d%2C+curSetX%3A+%25d%2C+curMaskLocal%3A+%25d</msg>
  </evtMap>
  <evtMap key="ti.sysbios.utils.Load.LS_cpuLoad">
    <id>7878</id>
    <msg>LS_cpuLoad%3A+%25d%25%25</msg>
  </evtMap>
  <evtMap key="ti.sysbios.utils.Load.LS_hwiLoad">
    <id>7895</id>
    <msg>LS_hwiLoad%3A+%25d%2C%25d</msg>
  </evtMap>
  <evtMap key="ti.sysbios.utils.Load.LS_swiLoad">
    <id>7913</id>
    <msg>LS_swiLoad%3A+%25d%2C%25d</msg>
  </evtMap>
  <evtMap key="ti.sysbios.utils.Load.LS_taskLoad">
    <id>7931</id>
    <msg>LS_taskLoad%3A+0x%25x%2C%25d%2C%25d%2C0x%25x</msg>
  </evtMap>
</xdc.runtime.Types.RtaDecoderData>
